"Date","Price","Open","High","Low","Vol.","Change %"
"Jan 29, 2021","3,714.24","3,778.05","3,778.05","3,694.12","-","-1.93%"
"Jan 28, 2021","3,787.38","3,755.75","3,830.50","3,755.75","-","0.98%"
"Jan 27, 2021","3,750.77","3,836.83","3,836.83","3,732.48","-","-2.57%"
"Jan 26, 2021","3,849.62","3,862.96","3,870.90","3,847.78","-","-0.15%"
"Jan 25, 2021","3,855.36","3,851.68","3,859.23","3,797.16","-","0.36%"
"Jan 22, 2021","3,841.47","3,844.24","3,852.31","3,830.41","-","-0.30%"
"Jan 21, 2021","3,853.07","3,857.46","3,861.45","3,845.05","-","0.03%"
"Jan 20, 2021","3,851.85","3,816.22","3,859.75","3,816.22","-","1.39%"
"Jan 19, 2021","3,798.91","3,781.88","3,804.53","3,780.37","-","0.81%"
"Jan 15, 2021","3,768.25","3,788.73","3,788.73","3,749.62","-","-0.72%"
"Jan 14, 2021","3,795.54","3,814.98","3,823.60","3,792.86","-","-0.38%"
"Jan 13, 2021","3,809.84","3,802.23","3,820.96","3,791.50","-","0.23%"
"Jan 12, 2021","3,801.19","3,801.62","3,810.78","3,776.51","-","0.04%"
"Jan 11, 2021","3,799.61","3,803.14","3,817.86","3,789.02","-","-0.66%"
"Jan 08, 2021","3,824.68","3,815.05","3,826.69","3,783.60","-","0.55%"
"Jan 07, 2021","3,803.79","3,764.71","3,811.55","3,764.71","-","1.48%"
"Jan 06, 2021","3,748.14","3,712.20","3,783.04","3,705.34","-","0.57%"
"Jan 05, 2021","3,726.86","3,698.02","3,737.83","3,695.07","-","0.71%"
"Jan 04, 2021","3,700.65","3,764.61","3,769.99","3,662.71","-","-1.48%"
"Dec 31, 2020","3,756.07","3,733.27","3,760.20","3,726.88","-","0.64%"
"Dec 30, 2020","3,732.04","3,736.19","3,744.63","3,730.21","-","0.13%"
"Dec 29, 2020","3,727.04","3,750.01","3,756.12","3,723.31","-","-0.22%"
"Dec 28, 2020","3,735.36","3,723.03","3,740.51","3,723.03","-","0.87%"
"Dec 24, 2020","3,703.06","3,694.03","3,703.82","3,689.32","-","0.35%"
"Dec 23, 2020","3,690.01","3,693.42","3,711.24","3,689.28","-","0.07%"
"Dec 22, 2020","3,687.26","3,698.08","3,698.26","3,676.16","-","-0.21%"
"Dec 21, 2020","3,694.92","3,684.28","3,702.90","3,636.48","-","-0.39%"
"Dec 18, 2020","3,709.41","3,722.39","3,726.70","3,685.84","-","-0.35%"
"Dec 17, 2020","3,722.48","3,713.65","3,725.12","3,710.87","-","0.58%"
"Dec 16, 2020","3,701.17","3,696.25","3,711.27","3,688.57","-","0.18%"
"Dec 15, 2020","3,694.62","3,666.41","3,695.29","3,659.62","-","1.29%"
"Dec 14, 2020","3,647.49","3,675.27","3,697.61","3,645.84","-","-0.44%"
"Dec 11, 2020","3,663.46","3,656.08","3,665.91","3,633.40","-","-0.13%"
"Dec 10, 2020","3,668.10","3,659.13","3,678.49","3,645.18","-","-0.13%"
"Dec 09, 2020","3,672.82","3,705.98","3,712.39","3,660.54","-","-0.79%"
"Dec 08, 2020","3,702.25","3,683.05","3,708.45","3,678.83","-","0.28%"
"Dec 07, 2020","3,691.96","3,694.73","3,697.41","3,678.88","-","-0.19%"
"Dec 04, 2020","3,699.12","3,670.94","3,699.20","3,670.94","-","0.88%"
"Dec 03, 2020","3,666.72","3,668.28","3,682.73","3,657.17","-","-0.06%"
"Dec 02, 2020","3,669.01","3,653.78","3,670.96","3,644.84","-","0.18%"
"Dec 01, 2020","3,662.45","3,645.87","3,678.45","3,645.87","-","1.13%"
"Nov 30, 2020","3,621.63","3,634.18","3,634.18","3,594.39","-","-0.46%"
"Nov 27, 2020","3,638.35","3,638.55","3,644.31","3,629.33","-","0.24%"
"Nov 25, 2020","3,629.65","3,635.50","3,635.50","3,617.76","-","-0.16%"
"Nov 24, 2020","3,635.41","3,594.52","3,642.31","3,594.52","-","1.62%"
"Nov 23, 2020","3,577.59","3,566.82","3,589.81","3,552.77","-","0.56%"
"Nov 20, 2020","3,557.54","3,579.31","3,581.23","3,556.85","-","-0.68%"
"Nov 19, 2020","3,581.87","3,559.41","3,585.22","3,543.84","-","0.39%"
"Nov 18, 2020","3,567.79","3,612.09","3,619.09","3,567.33","-","-1.16%"
"Nov 17, 2020","3,609.53","3,610.31","3,623.11","3,588.68","-","-0.48%"
"Nov 16, 2020","3,626.91","3,600.16","3,628.51","3,600.16","-","1.16%"
"Nov 13, 2020","3,585.15","3,552.57","3,593.66","3,552.57","-","1.36%"
"Nov 12, 2020","3,537.01","3,562.67","3,569.02","3,518.58","-","-1.00%"
"Nov 11, 2020","3,572.66","3,563.22","3,581.16","3,557.00","-","0.77%"
"Nov 10, 2020","3,545.53","3,543.26","3,557.22","3,511.91","-","-0.14%"
"Nov 09, 2020","3,550.50","3,583.04","3,645.99","3,547.48","-","1.17%"
"Nov 06, 2020","3,509.44","3,508.34","3,521.58","3,484.34","-","-0.03%"
"Nov 05, 2020","3,510.45","3,485.74","3,529.05","3,485.74","-","1.95%"
"Nov 04, 2020","3,443.44","3,406.46","3,486.25","3,405.17","-","2.20%"
"Nov 03, 2020","3,369.16","3,336.25","3,389.49","3,336.25","-","1.78%"
"Nov 02, 2020","3,310.24","3,296.20","3,330.14","3,279.74","-","1.23%"
"Oct 30, 2020","3,269.96","3,293.59","3,304.93","3,233.94","-","-1.21%"
"Oct 29, 2020","3,310.11","3,277.17","3,341.05","3,259.82","-","1.19%"
"Oct 28, 2020","3,271.03","3,342.48","3,342.48","3,268.89","-","-3.53%"
"Oct 27, 2020","3,390.68","3,403.15","3,409.51","3,388.71","-","-0.30%"
"Oct 26, 2020","3,400.97","3,441.42","3,441.42","3,364.86","-","-1.86%"
"Oct 23, 2020","3,465.39","3,464.90","3,466.46","3,440.45","-","0.34%"
"Oct 22, 2020","3,453.49","3,438.50","3,460.53","3,415.34","-","0.52%"
"Oct 21, 2020","3,435.56","3,439.91","3,464.86","3,433.06","-","-0.22%"
"Oct 20, 2020","3,443.12","3,439.38","3,476.93","3,435.65","-","0.47%"
"Oct 19, 2020","3,426.92","3,493.66","3,502.42","3,419.93","-","-1.63%"
"Oct 16, 2020","3,483.81","3,493.50","3,515.76","3,480.45","-","0.01%"
"Oct 15, 2020","3,483.34","3,453.72","3,489.08","3,440.89","-","-0.15%"
"Oct 14, 2020","3,488.67","3,515.47","3,527.94","3,480.55","-","-0.66%"
"Oct 13, 2020","3,511.93","3,534.01","3,534.01","3,500.86","-","-0.63%"
"Oct 12, 2020","3,534.22","3,500.02","3,549.85","3,499.61","-","1.64%"
"Oct 09, 2020","3,477.13","3,459.67","3,482.34","3,458.07","-","0.88%"
"Oct 08, 2020","3,446.83","3,434.28","3,447.28","3,428.15","-","0.80%"
"Oct 07, 2020","3,419.45","3,384.56","3,426.26","3,384.56","-","1.74%"
"Oct 06, 2020","3,360.95","3,408.74","3,431.56","3,354.54","-","-1.40%"
"Oct 05, 2020","3,408.63","3,367.27","3,409.57","3,367.27","-","1.80%"
"Oct 02, 2020","3,348.44","3,338.94","3,369.10","3,323.69","-","-0.96%"
"Oct 01, 2020","3,380.80","3,385.87","3,397.18","3,361.39","-","0.53%"
"Sep 30, 2020","3,363.00","3,341.21","3,393.56","3,340.47","-","0.83%"
"Sep 29, 2020","3,335.47","3,350.92","3,357.92","3,327.54","-","-0.48%"
"Sep 28, 2020","3,351.60","3,333.90","3,360.74","3,332.91","-","1.61%"
"Sep 25, 2020","3,298.46","3,236.66","3,306.88","3,228.44","-","1.60%"
"Sep 24, 2020","3,246.59","3,226.14","3,278.70","3,209.45","-","0.30%"
"Sep 23, 2020","3,236.92","3,320.11","3,323.35","3,232.57","-","-2.37%"
"Sep 22, 2020","3,315.57","3,295.75","3,320.31","3,270.95","-","1.05%"
"Sep 21, 2020","3,281.06","3,285.57","3,285.57","3,229.10","-","-1.16%"
"Sep 18, 2020","3,319.47","3,357.38","3,362.27","3,292.40","-","-1.12%"
"Sep 17, 2020","3,357.01","3,346.86","3,375.17","3,328.82","-","-0.84%"
"Sep 16, 2020","3,385.49","3,411.23","3,428.92","3,384.45","-","-0.46%"
"Sep 15, 2020","3,401.20","3,407.73","3,419.48","3,389.25","-","0.52%"
"Sep 14, 2020","3,383.54","3,363.56","3,402.93","3,363.56","-","1.27%"
"Sep 11, 2020","3,340.97","3,352.70","3,368.95","3,310.47","-","0.05%"
"Sep 10, 2020","3,339.19","3,412.56","3,425.55","3,329.25","-","-1.76%"
"Sep 09, 2020","3,398.96","3,369.82","3,424.77","3,366.84","-","2.01%"
"Sep 08, 2020","3,331.84","3,371.88","3,379.97","3,329.27","-","-2.78%"
"Sep 04, 2020","3,426.96","3,453.60","3,479.15","3,349.63","-","-0.81%"
"Sep 03, 2020","3,455.06","3,564.74","3,564.85","3,427.41","-","-3.51%"
"Sep 02, 2020","3,580.84","3,543.76","3,588.11","3,535.23","-","1.54%"
"Sep 01, 2020","3,526.65","3,507.44","3,528.03","3,494.60","-","0.75%"
"Aug 31, 2020","3,500.31","3,509.73","3,514.77","3,493.25","-","-0.22%"
"Aug 28, 2020","3,508.01","3,494.69","3,509.23","3,484.32","-","0.67%"
"Aug 27, 2020","3,484.55","3,485.14","3,501.38","3,468.35","-","0.17%"
"Aug 26, 2020","3,478.73","3,449.97","3,481.07","3,444.15","-","1.02%"
"Aug 25, 2020","3,443.62","3,435.95","3,444.21","3,425.84","-","0.36%"
"Aug 24, 2020","3,431.28","3,418.09","3,432.09","3,413.13","-","1.00%"
"Aug 21, 2020","3,397.16","3,386.01","3,399.96","3,379.31","-","0.34%"
"Aug 20, 2020","3,385.51","3,360.48","3,390.80","3,354.69","-","0.32%"
"Aug 19, 2020","3,374.85","3,392.51","3,399.54","3,369.66","-","-0.44%"
"Aug 18, 2020","3,389.78","3,387.04","3,395.06","3,370.15","-","0.23%"
"Aug 17, 2020","3,381.99","3,380.86","3,387.59","3,379.22","-","0.27%"
"Aug 14, 2020","3,372.85","3,368.66","3,378.51","3,361.64","-","-0.02%"
"Aug 13, 2020","3,373.43","3,372.95","3,387.24","3,363.35","-","-0.20%"
"Aug 12, 2020","3,380.35","3,355.46","3,387.89","3,355.46","-","1.40%"
"Aug 11, 2020","3,333.69","3,370.34","3,381.01","3,326.44","-","-0.80%"
"Aug 10, 2020","3,360.47","3,356.04","3,363.29","3,335.44","-","0.27%"
"Aug 07, 2020","3,351.28","3,340.05","3,352.54","3,328.72","-","0.06%"
"Aug 06, 2020","3,349.16","3,323.17","3,351.03","3,318.14","-","0.64%"
"Aug 05, 2020","3,327.77","3,317.37","3,330.77","3,317.37","-","0.64%"
"Aug 04, 2020","3,306.51","3,289.92","3,306.84","3,286.37","-","0.36%"
"Aug 03, 2020","3,294.61","3,288.26","3,302.73","3,284.53","-","0.72%"
"Jul 31, 2020","3,271.12","3,270.45","3,272.17","3,220.26","-","0.77%"
"Jul 30, 2020","3,246.22","3,231.76","3,250.92","3,204.13","-","-0.38%"
"Jul 29, 2020","3,258.44","3,227.22","3,264.74","3,227.22","-","1.24%"
"Jul 28, 2020","3,218.44","3,234.27","3,243.72","3,216.17","-","-0.65%"
"Jul 27, 2020","3,239.41","3,219.84","3,241.43","3,214.25","-","0.74%"
"Jul 24, 2020","3,215.63","3,218.58","3,227.26","3,200.05","-","-0.62%"
"Jul 23, 2020","3,235.66","3,271.64","3,279.99","3,222.66","-","-1.23%"
"Jul 22, 2020","3,276.02","3,254.86","3,279.32","3,253.10","-","0.57%"
"Jul 21, 2020","3,257.30","3,268.52","3,277.29","3,247.77","-","0.17%"
"Jul 20, 2020","3,251.84","3,224.29","3,258.61","3,215.16","-","0.84%"
"Jul 17, 2020","3,224.73","3,224.21","3,233.52","3,205.65","-","0.28%"
"Jul 16, 2020","3,215.57","3,208.36","3,220.39","3,198.59","-","-0.34%"
"Jul 15, 2020","3,226.56","3,225.98","3,238.28","3,200.76","-","0.91%"
"Jul 14, 2020","3,197.52","3,141.11","3,200.95","3,127.66","-","1.34%"
"Jul 13, 2020","3,155.22","3,205.08","3,235.32","3,149.43","-","-0.94%"
"Jul 10, 2020","3,185.04","3,152.47","3,186.82","3,136.22","-","1.05%"
"Jul 09, 2020","3,152.05","3,176.17","3,179.78","3,115.70","-","-0.56%"
"Jul 08, 2020","3,169.94","3,153.07","3,171.80","3,136.53","-","0.78%"
"Jul 07, 2020","3,145.32","3,166.44","3,184.15","3,142.93","-","-1.08%"
"Jul 06, 2020","3,179.72","3,155.29","3,182.59","3,155.29","-","1.59%"
"Jul 02, 2020","3,130.01","3,143.64","3,165.81","3,124.52","-","0.45%"
"Jul 01, 2020","3,115.86","3,105.92","3,128.44","3,101.17","-","0.50%"
"Jun 30, 2020","3,100.29","3,050.20","3,111.51","3,047.83","-","1.54%"
"Jun 29, 2020","3,053.24","3,018.59","3,053.89","2,999.74","-","1.47%"
"Jun 26, 2020","3,009.05","3,073.20","3,073.73","3,004.63","-","-2.42%"
"Jun 25, 2020","3,083.76","3,046.60","3,086.25","3,024.01","-","1.10%"
"Jun 24, 2020","3,050.33","3,114.40","3,115.01","3,032.13","-","-2.59%"
"Jun 23, 2020","3,131.29","3,138.70","3,154.90","3,127.12","-","0.43%"
"Jun 22, 2020","3,117.86","3,094.42","3,120.92","3,079.39","-","0.65%"
"Jun 19, 2020","3,097.74","3,140.29","3,155.53","3,083.11","-","-0.56%"
"Jun 18, 2020","3,115.34","3,101.64","3,120.00","3,093.51","-","0.06%"
"Jun 17, 2020","3,113.49","3,136.13","3,141.16","3,108.03","-","-0.36%"
"Jun 16, 2020","3,124.74","3,131.00","3,153.45","3,076.06","-","1.90%"
"Jun 15, 2020","3,066.59","2,993.76","3,079.76","2,965.66","-","0.83%"
"Jun 12, 2020","3,041.31","3,071.04","3,088.42","2,984.47","-","1.31%"
"Jun 11, 2020","3,002.10","3,123.53","3,123.53","2,999.49","-","-5.89%"
"Jun 10, 2020","3,190.14","3,213.42","3,223.27","3,181.49","-","-0.53%"
"Jun 09, 2020","3,207.18","3,213.32","3,222.71","3,193.11","-","-0.78%"
"Jun 08, 2020","3,232.39","3,199.92","3,233.13","3,196.00","-","1.20%"
"Jun 05, 2020","3,193.93","3,163.84","3,211.72","3,163.84","-","2.62%"
"Jun 04, 2020","3,112.35","3,111.56","3,128.91","3,090.41","-","-0.34%"
"Jun 03, 2020","3,122.87","3,098.90","3,130.94","3,098.90","-","1.36%"
"Jun 02, 2020","3,080.82","3,064.78","3,081.07","3,051.64","-","0.82%"
"Jun 01, 2020","3,055.73","3,038.78","3,062.18","3,031.54","-","0.38%"
"May 29, 2020","3,044.31","3,025.17","3,049.17","2,998.61","-","0.48%"
"May 28, 2020","3,029.73","3,046.61","3,068.67","3,023.40","-","-0.21%"
"May 27, 2020","3,036.13","3,015.65","3,036.25","2,969.75","-","1.48%"
"May 26, 2020","2,991.77","3,004.08","3,021.72","2,988.17","-","1.23%"
"May 22, 2020","2,955.45","2,948.05","2,956.76","2,933.59","-","0.24%"
"May 21, 2020","2,948.51","2,969.95","2,978.50","2,938.57","-","-0.78%"
"May 20, 2020","2,971.61","2,953.63","2,980.29","2,953.63","-","1.67%"
"May 19, 2020","2,922.94","2,948.59","2,964.21","2,922.35","-","-1.05%"
"May 18, 2020","2,953.91","2,913.86","2,968.09","2,913.86","-","3.15%"
"May 15, 2020","2,863.70","2,829.95","2,865.01","2,816.78","-","0.39%"
"May 14, 2020","2,852.50","2,794.54","2,852.80","2,766.64","-","1.15%"
"May 13, 2020","2,820.00","2,865.86","2,874.14","2,793.15","-","-1.75%"
"May 12, 2020","2,870.12","2,939.50","2,945.82","2,869.59","-","-2.05%"
"May 11, 2020","2,930.32","2,915.46","2,944.25","2,903.44","-","0.02%"
"May 08, 2020","2,929.80","2,908.83","2,932.16","2,902.88","-","1.69%"
"May 07, 2020","2,881.19","2,878.26","2,901.92","2,876.48","-","1.15%"
"May 06, 2020","2,848.42","2,883.14","2,891.11","2,847.65","-","-0.70%"
"May 05, 2020","2,868.44","2,868.88","2,898.23","2,863.55","-","0.90%"
"May 04, 2020","2,842.74","2,815.01","2,844.24","2,797.85","-","0.42%"
"May 01, 2020","2,830.71","2,869.09","2,869.09","2,821.61","-","-2.81%"
"Apr 30, 2020","2,912.43","2,930.91","2,930.91","2,892.47","-","-0.92%"
"Apr 29, 2020","2,939.51","2,918.46","2,954.86","2,912.16","-","2.66%"
"Apr 28, 2020","2,863.39","2,909.96","2,921.15","2,860.71","-","-0.52%"
"Apr 27, 2020","2,878.48","2,854.65","2,887.72","2,852.89","-","1.47%"
"Apr 24, 2020","2,836.74","2,812.64","2,842.71","2,791.76","-","1.39%"
"Apr 23, 2020","2,797.80","2,810.42","2,844.90","2,794.26","-","-0.05%"
"Apr 22, 2020","2,799.31","2,787.89","2,815.10","2,775.95","-","2.29%"
"Apr 21, 2020","2,736.56","2,784.81","2,785.54","2,727.10","-","-3.07%"
"Apr 20, 2020","2,823.16","2,845.62","2,868.98","2,820.43","-","-1.79%"
"Apr 17, 2020","2,874.56","2,842.43","2,879.22","2,830.88","-","2.68%"
"Apr 16, 2020","2,799.55","2,799.34","2,806.51","2,764.32","-","0.58%"
"Apr 15, 2020","2,783.36","2,795.64","2,801.88","2,761.54","-","-2.20%"
"Apr 14, 2020","2,846.06","2,805.10","2,851.85","2,805.10","-","3.06%"
"Apr 13, 2020","2,761.63","2,782.46","2,782.46","2,721.17","-","-1.01%"
"Apr 09, 2020","2,789.82","2,776.99","2,818.57","2,762.36","-","1.45%"
"Apr 08, 2020","2,749.98","2,685.00","2,760.75","2,663.30","-","3.41%"
"Apr 07, 2020","2,659.41","2,738.65","2,756.89","2,657.67","-","-0.16%"
"Apr 06, 2020","2,663.68","2,578.28","2,676.85","2,574.57","-","7.03%"
"Apr 03, 2020","2,488.65","2,514.92","2,538.18","2,459.96","-","-1.51%"
"Apr 02, 2020","2,526.90","2,458.54","2,533.22","2,455.79","-","2.28%"
"Apr 01, 2020","2,470.50","2,498.08","2,522.75","2,447.49","-","-4.41%"
"Mar 31, 2020","2,584.59","2,614.69","2,641.39","2,571.15","-","-1.60%"
"Mar 30, 2020","2,626.65","2,558.98","2,631.80","2,545.28","-","3.35%"
"Mar 27, 2020","2,541.47","2,555.87","2,615.91","2,520.02","-","-3.37%"
"Mar 26, 2020","2,630.07","2,501.29","2,637.01","2,500.72","-","6.24%"
"Mar 25, 2020","2,475.56","2,457.77","2,571.42","2,407.53","-","1.15%"
"Mar 24, 2020","2,447.33","2,344.44","2,449.71","2,344.44","-","9.38%"
"Mar 23, 2020","2,237.40","2,290.71","2,300.73","2,191.86","-","-2.93%"
"Mar 20, 2020","2,304.92","2,431.94","2,453.01","2,295.56","-","-4.34%"
"Mar 19, 2020","2,409.39","2,393.48","2,466.97","2,319.78","-","0.47%"
"Mar 18, 2020","2,398.10","2,436.50","2,453.57","2,280.52","-","-5.18%"
"Mar 17, 2020","2,529.19","2,425.66","2,553.93","2,367.04","-","6.00%"
"Mar 16, 2020","2,386.13","2,508.59","2,562.98","2,380.94","-","-11.98%"
"Mar 13, 2020","2,711.02","2,569.99","2,711.33","2,492.37","-","9.29%"
"Mar 12, 2020","2,480.64","2,630.86","2,660.95","2,478.86","-","-9.51%"
"Mar 11, 2020","2,741.38","2,825.60","2,825.60","2,707.22","-","-4.89%"
"Mar 10, 2020","2,882.23","2,813.48","2,882.59","2,734.00","-","4.94%"
"Mar 09, 2020","2,746.56","2,863.89","2,863.89","2,734.43","-","-7.60%"
"Mar 06, 2020","2,972.37","2,954.20","2,985.93","2,901.54","-","-1.71%"
"Mar 05, 2020","3,023.94","3,075.70","3,083.04","2,999.83","-","-3.39%"
"Mar 04, 2020","3,130.12","3,045.75","3,130.97","3,034.38","-","4.22%"
"Mar 03, 2020","3,003.37","3,096.46","3,136.72","2,976.63","-","-2.81%"
"Mar 02, 2020","3,090.23","2,974.28","3,090.96","2,945.19","-","4.60%"
"Feb 28, 2020","2,954.22","2,916.90","2,959.72","2,855.84","-","-0.82%"
"Feb 27, 2020","2,978.76","3,062.54","3,097.07","2,977.39","-","-4.42%"
"Feb 26, 2020","3,116.39","3,139.90","3,182.51","3,108.99","-","-0.38%"
"Feb 25, 2020","3,128.21","3,238.94","3,246.99","3,118.77","-","-3.03%"
"Feb 24, 2020","3,225.89","3,257.61","3,259.81","3,214.65","-","-3.35%"
"Feb 21, 2020","3,337.75","3,360.50","3,360.76","3,328.45","-","-1.05%"
"Feb 20, 2020","3,373.23","3,380.45","3,389.15","3,341.02","-","-0.38%"
"Feb 19, 2020","3,386.15","3,380.39","3,393.52","3,378.83","-","0.47%"
"Feb 18, 2020","3,370.29","3,369.04","3,375.01","3,355.61","-","-0.29%"
"Feb 14, 2020","3,380.16","3,378.08","3,380.69","3,366.15","-","0.18%"
"Feb 13, 2020","3,373.94","3,365.90","3,385.09","3,360.52","-","-0.16%"
"Feb 12, 2020","3,379.45","3,370.50","3,381.47","3,369.72","-","0.65%"
"Feb 11, 2020","3,357.75","3,365.87","3,375.63","3,352.72","-","0.17%"
"Feb 10, 2020","3,352.09","3,318.28","3,352.26","3,317.77","-","0.73%"
"Feb 07, 2020","3,327.71","3,335.54","3,341.42","3,322.12","-","-0.54%"
"Feb 06, 2020","3,345.78","3,344.92","3,347.96","3,334.39","-","0.33%"
"Feb 05, 2020","3,334.69","3,324.91","3,337.58","3,313.75","-","1.13%"
"Feb 04, 2020","3,297.59","3,280.61","3,306.92","3,280.61","-","1.50%"
"Feb 03, 2020","3,248.92","3,235.66","3,268.44","3,235.66","-","0.73%"
"Jan 31, 2020","3,225.52","3,282.33","3,282.33","3,214.68","-","-1.77%"
"Jan 30, 2020","3,283.66","3,256.45","3,285.91","3,242.80","-","0.31%"
"Jan 29, 2020","3,273.40","3,289.46","3,293.47","3,271.89","-","-0.09%"
"Jan 28, 2020","3,276.24","3,255.35","3,285.78","3,253.22","-","1.01%"
"Jan 27, 2020","3,243.63","3,247.16","3,258.85","3,234.50","-","-1.57%"
"Jan 24, 2020","3,295.47","3,333.10","3,333.18","3,281.53","-","-0.90%"
"Jan 23, 2020","3,325.54","3,315.77","3,326.88","3,301.87","-","0.11%"
"Jan 22, 2020","3,321.75","3,330.02","3,337.77","3,320.04","-","0.03%"
"Jan 21, 2020","3,320.79","3,321.03","3,329.79","3,316.61","-","-0.27%"
"Jan 17, 2020","3,329.62","3,323.66","3,329.88","3,318.86","-","0.39%"
"Jan 16, 2020","3,316.81","3,302.97","3,317.11","3,302.82","-","0.84%"
"Jan 15, 2020","3,289.29","3,282.27","3,298.66","3,280.69","-","0.19%"
"Jan 14, 2020","3,283.15","3,285.35","3,294.25","3,277.19","-","-0.15%"
"Jan 13, 2020","3,288.13","3,271.13","3,288.13","3,268.43","-","0.70%"
"Jan 10, 2020","3,265.35","3,281.81","3,282.99","3,260.86","-","-0.29%"
"Jan 09, 2020","3,274.70","3,266.03","3,275.58","3,263.67","-","0.67%"
"Jan 08, 2020","3,253.05","3,238.59","3,267.07","3,236.67","-","0.49%"
"Jan 07, 2020","3,237.18","3,241.86","3,244.91","3,232.43","-","-0.28%"
"Jan 06, 2020","3,246.28","3,217.55","3,246.84","3,214.64","-","0.35%"
"Jan 03, 2020","3,234.85","3,226.36","3,246.15","3,222.34","-","-0.71%"
"Jan 02, 2020","3,257.85","3,244.67","3,258.14","3,235.53","-","0.84%"
"Dec 31, 2019","3,230.78","3,215.18","3,231.72","3,212.03","-","0.29%"
"Dec 30, 2019","3,221.29","3,240.09","3,240.92","3,216.57","-","-0.58%"
"Dec 27, 2019","3,240.02","3,247.23","3,247.93","3,234.37","-","0.00%"
"Dec 26, 2019","3,239.91","3,227.20","3,240.08","3,227.20","-","0.51%"
"Dec 24, 2019","3,223.38","3,225.45","3,226.43","3,220.51","-","-0.02%"
"Dec 23, 2019","3,224.01","3,226.05","3,227.78","3,222.30","-","0.09%"
"Dec 20, 2019","3,221.22","3,223.33","3,225.65","3,216.03","-","0.49%"
"Dec 19, 2019","3,205.37","3,192.32","3,205.48","3,192.32","-","0.45%"
"Dec 18, 2019","3,191.14","3,195.21","3,198.48","3,191.14","-","-0.04%"
"Dec 17, 2019","3,192.52","3,195.40","3,198.22","3,191.03","-","0.03%"
"Dec 16, 2019","3,191.45","3,183.63","3,197.71","3,183.63","-","0.71%"
"Dec 13, 2019","3,168.80","3,166.65","3,182.68","3,156.51","-","0.01%"
"Dec 12, 2019","3,168.57","3,141.23","3,176.28","3,138.47","-","0.86%"
"Dec 11, 2019","3,141.63","3,135.75","3,143.98","3,133.21","-","0.29%"
"Dec 10, 2019","3,132.52","3,135.36","3,142.12","3,126.09","-","-0.11%"
"Dec 09, 2019","3,135.96","3,141.86","3,148.87","3,135.46","-","-0.32%"
"Dec 06, 2019","3,145.91","3,134.62","3,150.60","3,134.62","-","0.91%"
"Dec 05, 2019","3,117.43","3,119.21","3,119.45","3,103.76","-","0.15%"
"Dec 04, 2019","3,112.76","3,103.50","3,119.38","3,102.53","-","0.63%"
"Dec 03, 2019","3,093.20","3,087.41","3,094.97","3,070.33","-","-0.66%"
"Dec 02, 2019","3,113.87","3,143.85","3,144.31","3,110.78","-","-0.86%"
"Nov 29, 2019","3,140.98","3,147.18","3,150.30","3,139.34","-","-0.40%"
"Nov 27, 2019","3,153.63","3,145.49","3,154.26","3,143.41","-","0.42%"
"Nov 26, 2019","3,140.52","3,134.85","3,142.69","3,131.00","-","0.22%"
"Nov 25, 2019","3,133.64","3,117.44","3,133.83","3,117.44","-","0.75%"
"Nov 22, 2019","3,110.29","3,111.41","3,112.87","3,099.26","-","0.22%"
"Nov 21, 2019","3,103.54","3,108.49","3,110.11","3,094.55","-","-0.16%"
"Nov 20, 2019","3,108.46","3,114.66","3,118.97","3,091.41","-","-0.38%"
"Nov 19, 2019","3,120.18","3,127.45","3,127.64","3,113.47","-","-0.06%"
"Nov 18, 2019","3,122.03","3,117.91","3,124.17","3,112.06","-","0.05%"
"Nov 15, 2019","3,120.46","3,107.92","3,120.46","3,104.60","-","0.77%"
"Nov 14, 2019","3,096.63","3,090.75","3,098.20","3,083.26","-","0.08%"
"Nov 13, 2019","3,094.04","3,084.18","3,098.06","3,078.80","-","0.07%"
"Nov 12, 2019","3,091.84","3,089.28","3,102.61","3,084.73","-","0.16%"
"Nov 11, 2019","3,087.01","3,080.33","3,088.33","3,075.82","-","-0.20%"
"Nov 08, 2019","3,093.08","3,081.25","3,093.09","3,073.58","-","0.26%"
"Nov 07, 2019","3,085.18","3,087.02","3,097.77","3,080.23","-","0.27%"
"Nov 06, 2019","3,076.78","3,075.10","3,078.34","3,065.89","-","0.07%"
"Nov 05, 2019","3,074.62","3,080.80","3,083.95","3,072.15","-","-0.12%"
"Nov 04, 2019","3,078.27","3,078.96","3,085.20","3,074.87","-","0.37%"
"Nov 01, 2019","3,066.91","3,050.72","3,066.95","3,050.72","-","0.97%"
"Oct 31, 2019","3,037.56","3,046.90","3,046.90","3,023.19","-","-0.30%"
"Oct 30, 2019","3,046.77","3,039.74","3,050.10","3,025.96","-","0.33%"
"Oct 29, 2019","3,036.89","3,035.39","3,047.87","3,034.81","-","-0.08%"
"Oct 28, 2019","3,039.42","3,032.12","3,044.08","3,032.12","-","0.56%"
"Oct 25, 2019","3,022.55","3,003.32","3,027.39","3,001.94","-","0.41%"
"Oct 24, 2019","3,010.29","3,014.78","3,016.07","3,000.42","-","0.19%"
"Oct 23, 2019","3,004.52","2,994.01","3,004.78","2,991.21","-","0.28%"
"Oct 22, 2019","2,995.99","3,010.73","3,014.57","2,995.04","-","-0.36%"
"Oct 21, 2019","3,006.72","2,996.48","3,007.33","2,995.35","-","0.69%"
"Oct 18, 2019","2,986.20","2,996.84","3,000.00","2,976.31","-","-0.39%"
"Oct 17, 2019","2,997.95","3,000.77","3,008.29","2,991.79","-","0.28%"
"Oct 16, 2019","2,989.69","2,989.68","2,997.54","2,985.20","-","-0.20%"
"Oct 15, 2019","2,995.68","2,973.61","3,003.28","2,973.61","-","1.00%"
"Oct 14, 2019","2,966.15","2,965.81","2,972.84","2,962.94","-","-0.14%"
"Oct 11, 2019","2,970.27","2,963.07","2,993.28","2,963.07","-","1.09%"
"Oct 10, 2019","2,938.13","2,918.55","2,948.46","2,917.12","-","0.64%"
"Oct 09, 2019","2,919.40","2,911.10","2,929.32","2,907.41","-","0.91%"
"Oct 08, 2019","2,893.06","2,920.40","2,925.47","2,892.66","-","-1.56%"
"Oct 07, 2019","2,938.79","2,944.23","2,959.75","2,935.68","-","-0.45%"
"Oct 04, 2019","2,952.01","2,918.56","2,953.74","2,918.56","-","1.42%"
"Oct 03, 2019","2,910.63","2,885.38","2,911.13","2,855.94","-","0.80%"
"Oct 02, 2019","2,887.61","2,924.78","2,924.78","2,874.93","-","-1.79%"
"Oct 01, 2019","2,940.25","2,983.69","2,992.53","2,938.70","-","-1.23%"
"Sep 30, 2019","2,976.74","2,967.07","2,983.85","2,967.07","-","0.50%"
"Sep 27, 2019","2,961.79","2,985.47","2,987.31","2,945.53","-","-0.53%"
"Sep 26, 2019","2,977.62","2,985.73","2,987.28","2,963.71","-","-0.24%"
"Sep 25, 2019","2,984.87","2,968.35","2,989.82","2,952.86","-","0.62%"
"Sep 24, 2019","2,966.60","3,002.43","3,007.98","2,957.73","-","-0.84%"
"Sep 23, 2019","2,991.78","2,983.50","2,999.15","2,982.23","-","-0.01%"
"Sep 20, 2019","2,992.07","3,008.42","3,016.37","2,984.68","-","-0.49%"
"Sep 19, 2019","3,006.79","3,010.36","3,021.99","3,003.16","-","0.00%"
"Sep 18, 2019","3,006.73","3,001.50","3,007.83","2,978.57","-","0.03%"
"Sep 17, 2019","3,005.70","2,995.67","3,006.21","2,993.73","-","0.26%"
"Sep 16, 2019","2,997.96","2,996.41","3,002.19","2,990.67","-","-0.31%"
"Sep 13, 2019","3,007.39","3,012.21","3,017.33","3,002.90","-","-0.07%"
"Sep 12, 2019","3,009.57","3,009.08","3,020.74","3,000.92","-","0.29%"
"Sep 11, 2019","3,000.93","2,981.41","3,000.93","2,975.31","-","0.72%"
"Sep 10, 2019","2,979.39","2,971.01","2,979.39","2,957.01","-","0.03%"
"Sep 09, 2019","2,978.43","2,988.43","2,989.43","2,969.39","-","-0.01%"
"Sep 06, 2019","2,978.71","2,980.33","2,985.03","2,972.51","-","0.09%"
"Sep 05, 2019","2,976.00","2,960.60","2,985.86","2,960.60","-","1.30%"
"Sep 04, 2019","2,937.78","2,924.67","2,938.84","2,921.86","-","1.08%"
"Sep 03, 2019","2,906.27","2,909.01","2,914.39","2,891.85","-","-0.69%"
"Aug 30, 2019","2,926.46","2,937.09","2,940.43","2,913.32","-","0.06%"
"Aug 29, 2019","2,924.58","2,910.37","2,930.50","2,905.67","-","1.27%"
"Aug 28, 2019","2,887.94","2,861.28","2,890.03","2,853.05","-","0.65%"
"Aug 27, 2019","2,869.16","2,893.14","2,898.79","2,860.59","-","-0.32%"
"Aug 26, 2019","2,878.38","2,866.70","2,879.27","2,856.00","-","1.10%"
"Aug 23, 2019","2,847.11","2,911.07","2,927.01","2,834.97","-","-2.59%"
"Aug 22, 2019","2,922.95","2,930.94","2,939.08","2,904.51","-","-0.05%"
"Aug 21, 2019","2,924.43","2,922.04","2,928.73","2,917.91","-","0.82%"
"Aug 20, 2019","2,900.51","2,919.01","2,923.63","2,899.60","-","-0.79%"
"Aug 19, 2019","2,923.65","2,913.48","2,931.00","2,913.48","-","1.21%"
"Aug 16, 2019","2,888.68","2,864.74","2,893.63","2,864.74","-","1.44%"
"Aug 15, 2019","2,847.60","2,846.20","2,856.67","2,825.51","-","0.25%"
"Aug 14, 2019","2,840.60","2,894.15","2,894.15","2,839.64","-","-2.93%"
"Aug 13, 2019","2,926.32","2,880.72","2,943.31","2,877.05","-","1.48%"
"Aug 12, 2019","2,883.75","2,907.07","2,907.58","2,873.14","-","-1.20%"
"Aug 09, 2019","2,918.65","2,930.51","2,935.75","2,900.15","-","-0.66%"
"Aug 08, 2019","2,938.09","2,896.21","2,938.72","2,894.47","-","1.88%"
"Aug 07, 2019","2,883.98","2,858.65","2,892.17","2,825.71","-","0.08%"
"Aug 06, 2019","2,881.77","2,861.18","2,884.40","2,847.42","-","1.30%"
"Aug 05, 2019","2,844.74","2,898.07","2,898.07","2,822.12","-","-2.98%"
"Aug 02, 2019","2,932.05","2,943.90","2,945.50","2,914.11","-","-0.73%"
"Aug 01, 2019","2,953.56","2,980.32","3,013.59","2,945.23","-","-0.90%"
"Jul 31, 2019","2,980.38","3,016.22","3,017.40","2,958.08","-","-1.09%"
"Jul 30, 2019","3,013.18","3,007.66","3,017.19","3,000.94","-","-0.26%"
"Jul 29, 2019","3,020.97","3,024.47","3,025.61","3,014.30","-","-0.16%"
"Jul 26, 2019","3,025.86","3,013.25","3,027.98","3,012.59","-","0.74%"
"Jul 25, 2019","3,003.67","3,016.26","3,016.31","2,997.24","-","-0.53%"
"Jul 24, 2019","3,019.56","2,998.77","3,019.59","2,996.82","-","0.47%"
"Jul 23, 2019","3,005.47","2,994.74","3,005.90","2,988.56","-","0.68%"
"Jul 22, 2019","2,985.03","2,981.93","2,990.71","2,976.65","-","0.28%"
"Jul 19, 2019","2,976.61","3,004.26","3,006.02","2,975.86","-","-0.62%"
"Jul 18, 2019","2,995.11","2,978.87","2,998.28","2,973.09","-","0.36%"
"Jul 17, 2019","2,984.42","3,005.10","3,005.26","2,984.25","-","-0.65%"
"Jul 16, 2019","3,004.04","3,012.13","3,015.02","3,001.15","-","-0.34%"
"Jul 15, 2019","3,014.30","3,017.80","3,017.80","3,008.77","-","0.02%"
"Jul 12, 2019","3,013.77","3,003.36","3,013.92","3,001.87","-","0.46%"
"Jul 11, 2019","2,999.91","2,999.62","3,002.33","2,988.80","-","0.23%"
"Jul 10, 2019","2,993.07","2,989.30","3,002.98","2,984.62","-","0.45%"
"Jul 09, 2019","2,979.63","2,965.52","2,981.90","2,963.44","-","0.12%"
"Jul 08, 2019","2,975.95","2,979.77","2,980.76","2,970.09","-","-0.48%"
"Jul 05, 2019","2,990.41","2,984.25","2,994.03","2,967.97","-","-0.18%"
"Jul 03, 2019","2,995.82","2,978.08","2,995.84","2,977.96","-","0.77%"
"Jul 02, 2019","2,973.01","2,964.66","2,973.21","2,955.92","-","0.29%"
"Jul 01, 2019","2,964.33","2,971.41","2,977.93","2,952.22","-","0.77%"
"Jun 28, 2019","2,941.76","2,932.94","2,943.98","2,929.05","-","0.58%"
"Jun 27, 2019","2,924.92","2,919.66","2,929.30","2,918.57","-","0.38%"
"Jun 26, 2019","2,913.78","2,926.07","2,932.59","2,912.99","-","-0.12%"
"Jun 25, 2019","2,917.38","2,945.78","2,946.52","2,916.01","-","-0.95%"
"Jun 24, 2019","2,945.35","2,951.42","2,954.92","2,944.05","-","-0.17%"
"Jun 21, 2019","2,950.46","2,952.71","2,964.15","2,946.87","-","-0.13%"
"Jun 20, 2019","2,954.18","2,949.60","2,958.06","2,931.50","-","0.95%"
"Jun 19, 2019","2,926.46","2,920.55","2,931.74","2,911.43","-","0.30%"
"Jun 18, 2019","2,917.75","2,906.71","2,930.79","2,905.44","-","0.97%"
"Jun 17, 2019","2,889.67","2,889.75","2,897.27","2,887.30","-","0.09%"
"Jun 14, 2019","2,886.98","2,886.82","2,894.45","2,879.62","-","-0.16%"
"Jun 13, 2019","2,891.64","2,886.24","2,895.24","2,881.99","-","0.41%"
"Jun 12, 2019","2,879.84","2,882.73","2,888.57","2,874.68","-","-0.20%"
"Jun 11, 2019","2,885.72","2,903.27","2,910.61","2,878.53","-","-0.03%"
"Jun 10, 2019","2,886.73","2,885.83","2,904.77","2,885.51","-","0.47%"
"Jun 07, 2019","2,873.34","2,852.87","2,884.97","2,852.87","-","1.05%"
"Jun 06, 2019","2,843.49","2,828.51","2,852.10","2,822.45","-","0.61%"
"Jun 05, 2019","2,826.15","2,818.09","2,827.28","2,800.92","-","0.82%"
"Jun 04, 2019","2,803.27","2,762.64","2,804.49","2,762.64","-","2.14%"
"Jun 03, 2019","2,744.45","2,751.53","2,763.07","2,728.81","-","-0.28%"
"May 31, 2019","2,752.06","2,766.15","2,768.98","2,750.52","-","-1.32%"
"May 30, 2019","2,788.86","2,786.94","2,799.00","2,776.74","-","0.21%"
"May 29, 2019","2,783.02","2,790.25","2,792.03","2,766.06","-","-0.69%"
"May 28, 2019","2,802.39","2,830.03","2,840.51","2,801.58","-","-0.84%"
"May 24, 2019","2,826.06","2,832.41","2,841.36","2,820.19","-","0.14%"
"May 23, 2019","2,822.24","2,836.70","2,836.70","2,805.49","-","-1.19%"
"May 22, 2019","2,856.27","2,856.06","2,865.47","2,851.11","-","-0.28%"
"May 21, 2019","2,864.36","2,854.02","2,868.88","2,854.02","-","0.85%"
"May 20, 2019","2,840.23","2,841.94","2,853.86","2,831.29","-","-0.67%"
"May 17, 2019","2,859.53","2,858.60","2,885.48","2,854.23","-","-0.58%"
"May 16, 2019","2,876.32","2,855.80","2,892.15","2,855.80","-","0.89%"
"May 15, 2019","2,850.96","2,820.38","2,858.68","2,815.08","-","0.58%"
"May 14, 2019","2,834.41","2,820.12","2,852.54","2,820.12","-","0.80%"
"May 13, 2019","2,811.87","2,840.19","2,840.19","2,801.43","-","-2.41%"
"May 10, 2019","2,881.40","2,863.10","2,891.31","2,825.39","-","0.37%"
"May 09, 2019","2,870.72","2,859.84","2,875.97","2,836.40","-","-0.30%"
"May 08, 2019","2,879.42","2,879.61","2,897.96","2,873.28","-","-0.16%"
"May 07, 2019","2,884.05","2,913.03","2,913.03","2,862.60","-","-1.65%"
"May 06, 2019","2,932.47","2,908.89","2,937.32","2,898.21","-","-0.45%"
"May 03, 2019","2,945.64","2,929.21","2,947.85","2,929.21","-","0.96%"
"May 02, 2019","2,917.52","2,922.16","2,931.68","2,900.50","-","-0.21%"
"May 01, 2019","2,923.73","2,952.33","2,954.13","2,923.36","-","-0.75%"
"Apr 30, 2019","2,945.83","2,937.14","2,948.22","2,924.11","-","0.10%"
"Apr 29, 2019","2,943.03","2,940.58","2,949.52","2,939.35","-","0.11%"
"Apr 26, 2019","2,939.88","2,925.81","2,939.88","2,917.56","-","0.47%"
"Apr 25, 2019","2,926.17","2,928.99","2,933.10","2,912.84","-","-0.04%"
"Apr 24, 2019","2,927.25","2,934.00","2,936.83","2,926.05","-","-0.22%"
"Apr 23, 2019","2,933.68","2,909.99","2,936.31","2,908.53","-","0.88%"
"Apr 22, 2019","2,907.97","2,898.78","2,909.51","2,896.35","-","0.10%"
"Apr 18, 2019","2,905.03","2,904.81","2,908.40","2,891.90","-","0.16%"
"Apr 17, 2019","2,900.45","2,916.04","2,918.00","2,895.45","-","-0.23%"
"Apr 16, 2019","2,907.06","2,912.26","2,916.06","2,900.71","-","0.05%"
"Apr 15, 2019","2,905.58","2,908.32","2,909.60","2,896.48","-","-0.06%"
"Apr 12, 2019","2,907.41","2,900.86","2,910.54","2,898.37","-","0.66%"
"Apr 11, 2019","2,888.32","2,891.92","2,893.42","2,881.99","-","0.00%"
"Apr 10, 2019","2,888.21","2,881.37","2,889.71","2,879.13","-","0.35%"
"Apr 09, 2019","2,878.20","2,886.58","2,886.88","2,873.33","-","-0.61%"
"Apr 08, 2019","2,895.77","2,888.46","2,895.95","2,880.78","-","0.10%"
"Apr 05, 2019","2,892.74","2,884.16","2,893.24","2,882.99","-","0.46%"
"Apr 04, 2019","2,879.39","2,873.99","2,881.28","2,867.14","-","0.21%"
"Apr 03, 2019","2,873.40","2,876.09","2,885.25","2,865.17","-","0.21%"
"Apr 02, 2019","2,867.24","2,868.24","2,872.90","2,858.75","-","0.00%"
"Apr 01, 2019","2,867.19","2,848.63","2,869.40","2,848.63","-","1.16%"
"Mar 29, 2019","2,834.40","2,828.27","2,836.03","2,819.23","-","0.67%"
"Mar 28, 2019","2,815.44","2,809.40","2,819.71","2,798.77","-","0.36%"
"Mar 27, 2019","2,805.37","2,819.72","2,825.56","2,787.72","-","-0.46%"
"Mar 26, 2019","2,818.46","2,812.66","2,829.87","2,803.99","-","0.72%"
"Mar 25, 2019","2,798.36","2,796.01","2,809.79","2,785.02","-","-0.08%"
"Mar 22, 2019","2,800.71","2,844.52","2,846.16","2,800.47","-","-1.90%"
"Mar 21, 2019","2,854.88","2,819.72","2,860.31","2,817.38","-","1.09%"
"Mar 20, 2019","2,824.23","2,831.34","2,843.54","2,812.43","-","-0.29%"
"Mar 19, 2019","2,832.57","2,840.76","2,852.42","2,823.27","-","-0.01%"
"Mar 18, 2019","2,832.94","2,822.61","2,835.41","2,821.99","-","0.37%"
"Mar 15, 2019","2,822.48","2,810.79","2,830.73","2,810.79","-","0.50%"
"Mar 14, 2019","2,808.48","2,810.38","2,815.00","2,803.46","-","-0.09%"
"Mar 13, 2019","2,810.92","2,799.78","2,821.24","2,799.78","-","0.69%"
"Mar 12, 2019","2,791.52","2,787.34","2,798.32","2,786.73","-","0.30%"
"Mar 11, 2019","2,783.30","2,747.61","2,784.00","2,747.61","-","1.47%"
"Mar 08, 2019","2,743.07","2,730.79","2,744.13","2,722.27","-","-0.21%"
"Mar 07, 2019","2,748.93","2,766.53","2,767.25","2,739.09","-","-0.81%"
"Mar 06, 2019","2,771.45","2,790.27","2,790.27","2,768.69","-","-0.65%"
"Mar 05, 2019","2,789.65","2,794.41","2,796.44","2,782.97","-","-0.11%"
"Mar 04, 2019","2,792.81","2,814.37","2,816.88","2,767.66","-","-0.39%"
"Mar 01, 2019","2,803.69","2,798.22","2,808.02","2,787.38","-","0.69%"
"Feb 28, 2019","2,784.49","2,788.11","2,793.73","2,782.51","-","-0.28%"
"Feb 27, 2019","2,792.38","2,787.50","2,795.76","2,775.13","-","-0.05%"
"Feb 26, 2019","2,793.90","2,792.36","2,803.12","2,789.47","-","-0.08%"
"Feb 25, 2019","2,796.11","2,804.35","2,813.49","2,794.99","-","0.12%"
"Feb 22, 2019","2,792.67","2,780.67","2,794.20","2,779.11","-","0.64%"
"Feb 21, 2019","2,774.88","2,780.24","2,781.58","2,764.55","-","-0.35%"
"Feb 20, 2019","2,784.70","2,779.05","2,789.88","2,774.06","-","0.18%"
"Feb 19, 2019","2,779.76","2,769.28","2,787.33","2,767.29","-","0.15%"
"Feb 15, 2019","2,775.60","2,760.24","2,775.66","2,760.24","-","1.09%"
"Feb 14, 2019","2,745.73","2,743.50","2,757.90","2,731.23","-","-0.27%"
"Feb 13, 2019","2,753.03","2,750.30","2,761.85","2,748.63","-","0.30%"
"Feb 12, 2019","2,744.73","2,722.61","2,748.19","2,722.61","-","1.29%"
"Feb 11, 2019","2,709.80","2,712.40","2,718.05","2,703.79","-","0.07%"
"Feb 08, 2019","2,707.88","2,692.36","2,708.07","2,681.83","-","0.07%"
"Feb 07, 2019","2,706.05","2,717.53","2,719.32","2,687.26","-","-0.94%"
"Feb 06, 2019","2,731.61","2,735.05","2,738.08","2,724.15","-","-0.22%"
"Feb 05, 2019","2,737.70","2,728.34","2,738.98","2,724.03","-","0.47%"
"Feb 04, 2019","2,724.87","2,706.49","2,724.99","2,698.75","-","0.68%"
"Feb 01, 2019","2,706.53","2,702.32","2,716.66","2,696.88","-","0.09%"
"Jan 31, 2019","2,704.10","2,685.49","2,708.95","2,678.65","-","0.86%"
"Jan 30, 2019","2,681.05","2,653.62","2,690.44","2,648.34","-","1.55%"
"Jan 29, 2019","2,640.00","2,644.89","2,650.93","2,631.05","-","-0.15%"
"Jan 28, 2019","2,643.85","2,644.97","2,644.97","2,624.06","-","-0.78%"
"Jan 25, 2019","2,664.76","2,657.44","2,672.38","2,657.33","-","0.85%"
"Jan 24, 2019","2,642.33","2,638.84","2,647.20","2,627.01","-","0.14%"
"Jan 23, 2019","2,638.70","2,643.48","2,653.19","2,612.86","-","0.22%"
"Jan 22, 2019","2,632.90","2,657.88","2,657.88","2,617.27","-","-1.42%"
"Jan 18, 2019","2,670.71","2,651.27","2,675.47","2,647.58","-","1.32%"
"Jan 17, 2019","2,635.96","2,609.28","2,645.06","2,606.36","-","0.76%"
"Jan 16, 2019","2,616.10","2,614.75","2,625.76","2,612.68","-","0.22%"
"Jan 15, 2019","2,610.30","2,585.10","2,613.08","2,585.10","-","1.07%"
"Jan 14, 2019","2,582.61","2,580.31","2,589.32","2,570.41","-","-0.53%"
"Jan 11, 2019","2,596.26","2,588.11","2,596.27","2,577.40","-","-0.01%"
"Jan 10, 2019","2,596.64","2,573.51","2,597.82","2,562.02","-","0.45%"
"Jan 09, 2019","2,584.96","2,580.00","2,595.32","2,568.89","-","0.41%"
"Jan 08, 2019","2,574.41","2,568.11","2,579.82","2,547.56","-","0.97%"
"Jan 07, 2019","2,549.69","2,535.61","2,566.16","2,524.56","-","0.70%"
"Jan 04, 2019","2,531.94","2,474.33","2,538.07","2,474.33","-","3.43%"
"Jan 03, 2019","2,447.89","2,491.92","2,493.14","2,443.96","-","-2.48%"
"Jan 02, 2019","2,510.03","2,476.96","2,519.49","2,467.47","-","0.13%"
"Dec 31, 2018","2,506.85","2,498.94","2,509.24","2,482.82","-","0.85%"
"Dec 28, 2018","2,485.74","2,498.77","2,520.27","2,472.89","-","-0.12%"
"Dec 27, 2018","2,488.83","2,442.50","2,489.10","2,397.94","-","0.86%"
"Dec 26, 2018","2,467.70","2,363.12","2,467.76","2,346.58","-","4.96%"
"Dec 24, 2018","2,351.10","2,400.56","2,410.34","2,351.10","-","-2.71%"
"Dec 21, 2018","2,416.62","2,465.38","2,504.41","2,408.55","-","-2.06%"
"Dec 20, 2018","2,467.42","2,496.77","2,509.63","2,441.18","-","-1.58%"
"Dec 19, 2018","2,506.96","2,547.05","2,585.29","2,488.96","-","-1.54%"
"Dec 18, 2018","2,546.16","2,559.90","2,573.99","2,528.71","-","0.01%"
"Dec 17, 2018","2,545.94","2,590.75","2,601.13","2,530.54","-","-2.08%"
"Dec 14, 2018","2,599.95","2,629.68","2,635.07","2,593.84","-","-1.91%"
"Dec 13, 2018","2,650.54","2,658.70","2,670.19","2,637.27","-","-0.02%"
"Dec 12, 2018","2,651.07","2,658.23","2,685.44","2,650.26","-","0.54%"
"Dec 11, 2018","2,636.78","2,664.44","2,674.35","2,621.30","-","-0.04%"
"Dec 10, 2018","2,637.72","2,630.86","2,647.51","2,583.23","-","0.18%"
"Dec 07, 2018","2,633.08","2,691.26","2,708.54","2,623.14","-","-2.33%"
"Dec 06, 2018","2,695.95","2,663.51","2,696.15","2,621.53","-","-0.15%"
"Dec 04, 2018","2,700.06","2,782.43","2,785.93","2,697.18","-","-3.24%"
"Dec 03, 2018","2,790.37","2,790.50","2,800.18","2,773.38","-","1.09%"
"Nov 30, 2018","2,760.17","2,737.76","2,760.88","2,732.76","-","0.82%"
"Nov 29, 2018","2,737.76","2,736.97","2,753.75","2,722.94","-","-0.22%"
"Nov 28, 2018","2,743.79","2,691.45","2,744.00","2,684.38","-","2.30%"
"Nov 27, 2018","2,682.17","2,663.75","2,682.53","2,655.89","-","0.33%"
"Nov 26, 2018","2,673.45","2,649.97","2,674.35","2,649.97","-","1.55%"
"Nov 23, 2018","2,632.56","2,633.36","2,647.55","2,631.09","-","-0.66%"
"Nov 21, 2018","2,649.93","2,657.74","2,670.73","2,649.82","-","0.30%"
"Nov 20, 2018","2,641.89","2,654.60","2,669.44","2,631.52","-","-1.82%"
"Nov 19, 2018","2,690.73","2,730.74","2,733.16","2,681.09","-","-1.66%"
"Nov 16, 2018","2,736.27","2,718.54","2,746.75","2,712.16","-","0.22%"
"Nov 15, 2018","2,730.20","2,693.52","2,735.38","2,670.75","-","1.06%"
"Nov 14, 2018","2,701.58","2,737.90","2,746.80","2,685.75","-","-0.76%"
"Nov 13, 2018","2,722.18","2,730.05","2,754.60","2,714.98","-","-0.15%"
"Nov 12, 2018","2,726.22","2,773.93","2,775.99","2,722.00","-","-1.97%"
"Nov 09, 2018","2,781.01","2,794.10","2,794.10","2,764.24","-","-0.92%"
"Nov 08, 2018","2,806.83","2,806.38","2,814.75","2,794.99","-","-0.25%"
"Nov 07, 2018","2,813.89","2,774.13","2,815.15","2,774.13","-","2.12%"
"Nov 06, 2018","2,755.45","2,738.40","2,756.82","2,737.08","-","0.63%"
"Nov 05, 2018","2,738.31","2,726.37","2,744.27","2,717.94","-","0.56%"
"Nov 02, 2018","2,723.06","2,745.45","2,756.55","2,700.44","-","-0.63%"
"Nov 01, 2018","2,740.37","2,717.58","2,741.67","2,708.85","-","1.06%"
"Oct 31, 2018","2,711.74","2,705.60","2,736.69","2,705.60","-","1.09%"
"Oct 30, 2018","2,682.63","2,640.68","2,685.43","2,635.34","-","1.57%"
"Oct 29, 2018","2,641.25","2,682.65","2,706.85","2,603.54","-","-0.66%"
"Oct 26, 2018","2,658.69","2,667.86","2,692.38","2,628.16","-","-1.73%"
"Oct 25, 2018","2,705.57","2,674.88","2,722.70","2,667.84","-","1.86%"
"Oct 24, 2018","2,656.10","2,737.87","2,742.59","2,651.89","-","-3.09%"
"Oct 23, 2018","2,740.69","2,721.03","2,753.59","2,691.43","-","-0.55%"
"Oct 22, 2018","2,755.88","2,773.94","2,778.94","2,749.22","-","-0.43%"
"Oct 19, 2018","2,767.78","2,775.66","2,797.77","2,760.27","-","-0.04%"
"Oct 18, 2018","2,768.78","2,802.00","2,806.04","2,755.18","-","-1.44%"
"Oct 17, 2018","2,809.21","2,811.67","2,816.94","2,781.81","-","-0.03%"
"Oct 16, 2018","2,809.92","2,767.05","2,813.46","2,766.91","-","2.15%"
"Oct 15, 2018","2,750.79","2,763.83","2,775.99","2,749.03","-","-0.59%"
"Oct 12, 2018","2,767.13","2,770.54","2,775.77","2,729.44","-","1.42%"
"Oct 11, 2018","2,728.37","2,776.87","2,795.14","2,710.51","-","-2.06%"
"Oct 10, 2018","2,785.68","2,873.90","2,874.02","2,784.86","-","-3.29%"
"Oct 09, 2018","2,880.34","2,882.51","2,894.83","2,874.27","-","-0.14%"
"Oct 08, 2018","2,884.43","2,877.53","2,889.45","2,862.08","-","-0.04%"
"Oct 05, 2018","2,885.57","2,902.54","2,909.64","2,869.29","-","-0.55%"
"Oct 04, 2018","2,901.61","2,919.35","2,919.78","2,883.92","-","-0.82%"
"Oct 03, 2018","2,925.51","2,931.69","2,939.86","2,921.36","-","0.07%"
"Oct 02, 2018","2,923.43","2,923.80","2,931.42","2,919.37","-","-0.04%"
"Oct 01, 2018","2,924.59","2,926.29","2,937.06","2,917.91","-","0.36%"
"Sep 28, 2018","2,913.98","2,910.03","2,920.53","2,907.50","-","-0.00%"
"Sep 27, 2018","2,914.00","2,911.65","2,927.22","2,909.27","-","0.28%"
"Sep 26, 2018","2,905.97","2,916.98","2,931.15","2,903.28","-","-0.33%"
"Sep 25, 2018","2,915.56","2,921.75","2,923.95","2,913.70","-","-0.13%"
"Sep 24, 2018","2,919.37","2,921.83","2,923.79","2,912.63","-","-0.35%"
"Sep 21, 2018","2,929.67","2,936.76","2,940.91","2,927.11","-","-0.04%"
"Sep 20, 2018","2,930.75","2,919.73","2,934.80","2,919.73","-","0.78%"
"Sep 19, 2018","2,907.95","2,906.60","2,912.36","2,903.82","-","0.13%"
"Sep 18, 2018","2,904.31","2,890.74","2,911.17","2,890.43","-","0.54%"
"Sep 17, 2018","2,888.80","2,903.83","2,904.65","2,886.16","-","-0.56%"
"Sep 14, 2018","2,904.98","2,906.38","2,908.30","2,895.77","-","0.03%"
"Sep 13, 2018","2,904.18","2,896.85","2,906.76","2,896.39","-","0.53%"
"Sep 12, 2018","2,888.92","2,888.29","2,894.65","2,879.20","-","0.04%"
"Sep 11, 2018","2,887.89","2,871.57","2,892.52","2,866.78","-","0.37%"
"Sep 10, 2018","2,877.13","2,881.39","2,886.93","2,875.94","-","0.19%"
"Sep 07, 2018","2,871.68","2,868.26","2,883.81","2,864.12","-","-0.22%"
"Sep 06, 2018","2,878.05","2,888.64","2,892.05","2,867.29","-","-0.37%"
"Sep 05, 2018","2,888.60","2,891.59","2,894.21","2,876.92","-","-0.28%"
"Sep 04, 2018","2,896.72","2,896.96","2,900.18","2,885.13","-","-0.17%"
"Aug 31, 2018","2,901.52","2,898.37","2,906.32","2,891.73","-","0.01%"
"Aug 30, 2018","2,901.13","2,908.94","2,912.46","2,895.22","-","-0.44%"
"Aug 29, 2018","2,914.04","2,900.62","2,916.50","2,898.40","-","0.57%"
"Aug 28, 2018","2,897.52","2,901.45","2,903.77","2,893.50","-","0.03%"
"Aug 27, 2018","2,896.74","2,884.69","2,898.25","2,884.69","-","0.77%"
"Aug 24, 2018","2,874.69","2,862.35","2,876.16","2,862.35","-","0.62%"
"Aug 23, 2018","2,856.98","2,860.29","2,868.78","2,854.03","-","-0.17%"
"Aug 22, 2018","2,861.82","2,860.99","2,867.54","2,856.05","-","-0.04%"
"Aug 21, 2018","2,862.96","2,861.51","2,873.23","2,861.32","-","0.21%"
"Aug 20, 2018","2,857.05","2,853.93","2,859.76","2,850.62","-","0.24%"
"Aug 17, 2018","2,850.13","2,838.32","2,855.63","2,833.73","-","0.33%"
"Aug 16, 2018","2,840.69","2,831.44","2,850.49","2,831.44","-","0.79%"
"Aug 15, 2018","2,818.37","2,827.95","2,827.95","2,802.49","-","-0.76%"
"Aug 14, 2018","2,839.96","2,827.88","2,843.11","2,826.58","-","0.64%"
"Aug 13, 2018","2,821.93","2,835.46","2,843.40","2,819.88","-","-0.40%"
"Aug 10, 2018","2,833.28","2,839.64","2,842.20","2,825.81","-","-0.71%"
"Aug 09, 2018","2,853.58","2,857.19","2,862.48","2,851.98","-","-0.14%"
"Aug 08, 2018","2,857.70","2,856.79","2,862.44","2,853.09","-","-0.03%"
"Aug 07, 2018","2,858.45","2,855.92","2,863.43","2,855.92","-","0.28%"
"Aug 06, 2018","2,850.40","2,840.29","2,853.29","2,835.98","-","0.35%"
"Aug 03, 2018","2,840.35","2,829.62","2,840.38","2,827.37","-","0.46%"
"Aug 02, 2018","2,827.22","2,800.48","2,829.91","2,796.34","-","0.49%"
"Aug 01, 2018","2,813.36","2,821.17","2,825.83","2,805.85","-","-0.10%"
"Jul 31, 2018","2,816.29","2,809.73","2,824.46","2,808.06","-","0.49%"
"Jul 30, 2018","2,802.60","2,819.00","2,821.74","2,798.11","-","-0.58%"
"Jul 27, 2018","2,818.82","2,842.35","2,843.17","2,808.34","-","-0.66%"
"Jul 26, 2018","2,837.44","2,835.49","2,845.57","2,835.26","-","-0.30%"
"Jul 25, 2018","2,846.07","2,817.73","2,848.03","2,817.73","-","0.91%"
"Jul 24, 2018","2,820.40","2,820.68","2,829.99","2,811.12","-","0.48%"
"Jul 23, 2018","2,806.98","2,799.17","2,808.61","2,795.14","-","0.18%"
"Jul 20, 2018","2,801.83","2,804.55","2,809.70","2,800.01","-","-0.09%"
"Jul 19, 2018","2,804.49","2,809.37","2,812.05","2,799.77","-","-0.40%"
"Jul 18, 2018","2,815.62","2,811.35","2,816.76","2,805.89","-","0.22%"
"Jul 17, 2018","2,809.55","2,789.34","2,814.19","2,789.24","-","0.40%"
"Jul 16, 2018","2,798.43","2,801.43","2,803.71","2,793.39","-","-0.10%"
"Jul 13, 2018","2,801.31","2,796.93","2,804.53","2,791.69","-","0.11%"
"Jul 12, 2018","2,798.29","2,783.14","2,799.22","2,781.53","-","0.87%"
"Jul 11, 2018","2,774.02","2,779.82","2,785.91","2,770.77","-","-0.71%"
"Jul 10, 2018","2,793.84","2,788.56","2,795.58","2,786.24","-","0.35%"
"Jul 09, 2018","2,784.17","2,768.51","2,784.65","2,768.51","-","0.88%"
"Jul 06, 2018","2,759.82","2,737.68","2,764.41","2,733.52","-","0.85%"
"Jul 05, 2018","2,736.61","2,724.19","2,737.83","2,716.02","-","0.86%"
"Jul 03, 2018","2,713.22","2,733.27","2,736.58","2,711.16","-","-0.49%"
"Jul 02, 2018","2,726.71","2,704.95","2,727.26","2,698.95","-","0.31%"
"Jun 29, 2018","2,718.37","2,727.13","2,743.26","2,718.03","-","0.08%"
"Jun 28, 2018","2,716.31","2,698.69","2,724.34","2,691.99","-","0.62%"
"Jun 27, 2018","2,699.63","2,728.45","2,746.09","2,699.38","-","-0.86%"
"Jun 26, 2018","2,723.06","2,722.12","2,732.91","2,715.60","-","0.22%"
"Jun 25, 2018","2,717.07","2,742.94","2,742.94","2,698.67","-","-1.37%"
"Jun 22, 2018","2,754.88","2,760.79","2,764.17","2,752.68","-","0.19%"
"Jun 21, 2018","2,749.76","2,769.28","2,769.28","2,744.39","-","-0.63%"
"Jun 20, 2018","2,767.32","2,769.73","2,774.86","2,763.91","-","0.17%"
"Jun 19, 2018","2,762.59","2,752.01","2,765.05","2,743.19","-","-0.40%"
"Jun 18, 2018","2,773.75","2,765.79","2,774.99","2,757.12","-","-0.21%"
"Jun 15, 2018","2,779.66","2,777.78","2,782.81","2,761.73","-","-0.10%"
"Jun 14, 2018","2,782.49","2,783.21","2,789.06","2,776.52","-","0.25%"
"Jun 13, 2018","2,775.63","2,787.94","2,791.47","2,774.65","-","-0.40%"
"Jun 12, 2018","2,786.85","2,785.60","2,789.80","2,778.78","-","0.17%"
"Jun 11, 2018","2,782.00","2,780.18","2,790.21","2,780.17","-","0.11%"
"Jun 08, 2018","2,779.03","2,765.84","2,779.39","2,763.59","-","0.31%"
"Jun 07, 2018","2,770.37","2,774.84","2,779.90","2,760.16","-","-0.07%"
"Jun 06, 2018","2,772.35","2,753.25","2,772.39","2,748.46","-","0.86%"
"Jun 05, 2018","2,748.80","2,748.46","2,752.61","2,739.51","-","0.07%"
"Jun 04, 2018","2,746.87","2,741.67","2,749.16","2,740.54","-","0.45%"
"Jun 01, 2018","2,734.62","2,718.70","2,736.93","2,718.70","-","1.08%"
"May 31, 2018","2,705.27","2,720.98","2,722.50","2,700.68","-","-0.69%"
"May 30, 2018","2,724.01","2,702.43","2,729.34","2,702.43","-","1.27%"
"May 29, 2018","2,689.86","2,705.11","2,710.67","2,676.81","-","-1.16%"
"May 25, 2018","2,721.33","2,723.60","2,727.36","2,714.99","-","-0.24%"
"May 24, 2018","2,727.76","2,730.94","2,731.97","2,707.38","-","-0.20%"
"May 23, 2018","2,733.29","2,713.98","2,733.33","2,709.54","-","0.32%"
"May 22, 2018","2,724.44","2,738.34","2,742.24","2,721.88","-","-0.31%"
"May 21, 2018","2,733.01","2,725.95","2,739.19","2,725.70","-","0.74%"
"May 18, 2018","2,712.97","2,717.35","2,719.50","2,709.18","-","-0.26%"
"May 17, 2018","2,720.13","2,719.71","2,731.96","2,711.36","-","-0.09%"
"May 16, 2018","2,722.46","2,712.62","2,727.76","2,712.17","-","0.41%"
"May 15, 2018","2,711.45","2,718.59","2,718.59","2,701.91","-","-0.68%"
"May 14, 2018","2,730.13","2,733.37","2,742.10","2,725.47","-","0.09%"
"May 11, 2018","2,727.72","2,722.70","2,732.86","2,717.45","-","0.17%"
"May 10, 2018","2,723.07","2,705.02","2,726.11","2,704.54","-","0.94%"
"May 09, 2018","2,697.79","2,678.12","2,701.27","2,674.14","-","0.97%"
"May 08, 2018","2,671.92","2,670.26","2,676.34","2,655.20","-","-0.03%"
"May 07, 2018","2,672.63","2,669.36","2,683.35","2,664.70","-","0.35%"
"May 04, 2018","2,663.42","2,621.45","2,670.93","2,615.32","-","1.28%"
"May 03, 2018","2,629.73","2,628.08","2,637.14","2,594.62","-","-0.23%"
"May 02, 2018","2,635.67","2,654.24","2,660.87","2,631.70","-","-0.72%"
"May 01, 2018","2,654.80","2,643.64","2,655.27","2,625.41","-","0.25%"
"Apr 30, 2018","2,648.05","2,675.05","2,682.92","2,648.04","-","-0.82%"
"Apr 27, 2018","2,669.91","2,675.47","2,677.35","2,659.01","-","0.11%"
"Apr 26, 2018","2,666.94","2,651.65","2,676.48","2,647.16","-","1.04%"
"Apr 25, 2018","2,639.40","2,634.92","2,645.30","2,612.67","-","0.18%"
"Apr 24, 2018","2,634.56","2,680.80","2,683.55","2,617.32","-","-1.34%"
"Apr 23, 2018","2,670.29","2,675.40","2,682.86","2,657.99","-","0.01%"
"Apr 20, 2018","2,670.14","2,692.56","2,693.94","2,660.61","-","-0.85%"
"Apr 19, 2018","2,693.13","2,701.16","2,702.84","2,681.90","-","-0.57%"
"Apr 18, 2018","2,708.64","2,710.11","2,717.49","2,703.63","-","0.08%"
"Apr 17, 2018","2,706.39","2,692.74","2,713.34","2,692.05","-","1.07%"
"Apr 16, 2018","2,677.84","2,670.10","2,686.49","2,665.16","-","0.81%"
"Apr 13, 2018","2,656.30","2,676.90","2,680.26","2,645.05","-","-0.29%"
"Apr 12, 2018","2,663.99","2,653.83","2,674.72","2,653.83","-","0.83%"
"Apr 11, 2018","2,642.19","2,643.89","2,661.43","2,639.25","-","-0.55%"
"Apr 10, 2018","2,656.87","2,638.41","2,665.45","2,635.78","-","1.67%"
"Apr 09, 2018","2,613.16","2,617.18","2,653.55","2,610.79","-","0.33%"
"Apr 06, 2018","2,604.47","2,645.82","2,656.88","2,586.27","-","-2.19%"
"Apr 05, 2018","2,662.84","2,657.36","2,672.08","2,649.58","-","0.69%"
"Apr 04, 2018","2,644.69","2,584.04","2,649.86","2,573.61","-","1.16%"
"Apr 03, 2018","2,614.45","2,592.17","2,619.14","2,575.49","-","1.26%"
"Apr 02, 2018","2,581.88","2,633.45","2,638.30","2,553.80","-","-2.23%"
"Mar 29, 2018","2,640.87","2,614.41","2,659.07","2,609.72","-","1.38%"
"Mar 28, 2018","2,605.00","2,611.30","2,632.65","2,593.06","-","-0.29%"
"Mar 27, 2018","2,612.62","2,667.57","2,674.78","2,596.12","-","-1.73%"
"Mar 26, 2018","2,658.55","2,619.35","2,661.36","2,601.81","-","2.72%"
"Mar 23, 2018","2,588.26","2,646.71","2,657.67","2,585.89","-","-2.10%"
"Mar 22, 2018","2,643.69","2,691.36","2,695.68","2,641.59","-","-2.52%"
"Mar 21, 2018","2,711.93","2,714.99","2,739.14","2,709.79","-","-0.18%"
"Mar 20, 2018","2,716.94","2,715.05","2,724.22","2,710.05","-","0.15%"
"Mar 19, 2018","2,712.92","2,741.38","2,741.38","2,694.59","-","-1.42%"
"Mar 16, 2018","2,752.01","2,750.57","2,761.85","2,749.97","-","0.17%"
"Mar 15, 2018","2,747.33","2,754.27","2,763.03","2,741.47","-","-0.08%"
"Mar 14, 2018","2,749.48","2,774.06","2,777.11","2,744.38","-","-0.57%"
"Mar 13, 2018","2,765.31","2,792.31","2,801.90","2,758.68","-","-0.64%"
"Mar 12, 2018","2,783.02","2,790.54","2,796.98","2,779.26","-","-0.13%"
"Mar 09, 2018","2,786.57","2,752.91","2,786.57","2,751.54","-","1.74%"
"Mar 08, 2018","2,738.97","2,732.75","2,740.45","2,722.65","-","0.45%"
"Mar 07, 2018","2,726.80","2,710.18","2,730.60","2,701.74","-","-0.05%"
"Mar 06, 2018","2,728.12","2,730.18","2,732.08","2,711.26","-","0.26%"
"Mar 05, 2018","2,720.94","2,681.06","2,728.09","2,675.75","-","1.10%"
"Mar 02, 2018","2,691.25","2,658.89","2,696.25","2,647.32","-","0.51%"
"Mar 01, 2018","2,677.67","2,715.22","2,730.89","2,659.65","-","-1.33%"
"Feb 28, 2018","2,713.83","2,753.78","2,761.52","2,713.54","-","-1.11%"
"Feb 27, 2018","2,744.28","2,780.45","2,789.15","2,744.22","-","-1.27%"
"Feb 26, 2018","2,779.60","2,757.37","2,780.64","2,753.78","-","1.18%"
"Feb 23, 2018","2,747.30","2,715.80","2,747.76","2,713.74","-","1.60%"
"Feb 22, 2018","2,703.96","2,710.42","2,731.26","2,697.77","-","0.10%"
"Feb 21, 2018","2,701.33","2,720.53","2,747.75","2,701.29","-","-0.55%"
"Feb 20, 2018","2,716.26","2,722.99","2,737.60","2,706.76","-","-0.58%"
"Feb 16, 2018","2,732.22","2,727.14","2,754.42","2,725.11","-","0.04%"
"Feb 15, 2018","2,731.20","2,713.46","2,731.51","2,689.82","-","1.21%"
"Feb 14, 2018","2,698.63","2,651.21","2,702.10","2,648.87","-","1.34%"
"Feb 13, 2018","2,662.94","2,646.27","2,668.84","2,637.08","-","0.26%"
"Feb 12, 2018","2,656.00","2,636.75","2,672.61","2,622.45","-","1.39%"
"Feb 09, 2018","2,619.55","2,601.78","2,638.67","2,532.69","-","1.49%"
"Feb 08, 2018","2,581.00","2,685.01","2,685.27","2,580.56","-","-3.75%"
"Feb 07, 2018","2,681.66","2,690.95","2,727.67","2,681.33","-","-0.50%"
"Feb 06, 2018","2,695.14","2,614.78","2,701.04","2,593.07","-","1.74%"
"Feb 05, 2018","2,648.94","2,741.06","2,763.39","2,638.17","-","-4.10%"
"Feb 02, 2018","2,762.13","2,808.92","2,808.92","2,759.97","-","-2.12%"
"Feb 01, 2018","2,821.98","2,816.45","2,835.96","2,812.70","-","-0.06%"
"Jan 31, 2018","2,823.81","2,832.41","2,839.26","2,813.04","-","0.05%"
"Jan 30, 2018","2,822.43","2,832.74","2,837.75","2,818.27","-","-1.09%"
"Jan 29, 2018","2,853.53","2,867.23","2,870.62","2,851.48","-","-0.67%"